{
  "accuracy": 0.6522462562396006,
  "precision_macro": 0.4923905163849855,
  "recall_macro": 0.6499056814135883,
  "f1_macro": 0.5369275073034435
}