{
  "accuracy": 0.7910149750415973,
  "precision_macro": 0.6465625707087961,
  "recall_macro": 0.6880761580766785,
  "f1_macro": 0.661555283769907,
  "confusion_matrix": {
    "clases_en": [
      "No-Anomaly",
      "Cell",
      "Cell-Multi",
      "Cracking",
      "Hot-Spot",
      "Hot-Spot-Multi",
      "Diode",
      "Diode-Multi",
      "Offline-Module",
      "Shadowing",
      "Soiling",
      "Vegetation"
    ],
    "clases_es": [
      "Sin anomalía",
      "Celda dañada",
      "Múltiples celdas dañadas",
      "Fisura / agrietamiento",
      "Punto caliente",
      "Múltiples puntos calientes",
      "Falla de diodo",
      "Múltiples fallas de diodo",
      "Módulo desconectado",
      "Sombreado",
      "Suciedad / ensuciamiento",
      "Vegetación (obstrucción)"
    ],
    "matriz": [
      [
        1361,
        7,
        8,
        2,
        8,
        16,
        12,
        0,
        54,
        31,
        0,
        6
      ],
      [
        18,
        160,
        42,
        1,
        2,
        1,
        0,
        1,
        4,
        9,
        4,
        40
      ],
      [
        6,
        23,
        105,
        27,
        0,
        2,
        3,
        0,
        0,
        5,
        6,
        16
      ],
      [
        1,
        5,
        14,
        105,
        0,
        2,
        0,
        0,
        1,
        3,
        7,
        3
      ],
      [
        5,
        0,
        1,
        0,
        21,
        9,
        0,
        0,
        0,
        1,
        0,
        0
      ],
      [
        2,
        0,
        0,
        0,
        4,
        25,
        0,
        0,
        0,
        5,
        1,
        0
      ],
      [
        3,
        0,
        1,
        2,
        0,
        0,
        219,
        0,
        0,
        0,
        0,
        0
      ],
      [
        0,
        0,
        0,
        0,
        0,
        0,
        1,
        24,
        1,
        0,
        0,
        0
      ],
      [
        33,
        4,
        2,
        0,
        2,
        0,
        4,
        1,
        78,
        0,
        0,
        0
      ],
      [
        24,
        2,
        10,
        0,
        1,
        4,
        0,
        0,
        4,
        109,
        2,
        3
      ],
      [
        0,
        3,
        2,
        4,
        0,
        8,
        0,
        0,
        0,
        1,
        12,
        0
      ],
      [
        14,
        21,
        27,
        3,
        0,
        2,
        2,
        1,
        3,
        9,
        6,
        158
      ]
    ]
  }
}